{"cameraMode":{"drawMode":0,"name":"Shaded","section":"Shading Mode"},"sceneLighting":true,"audioPlay":false,"sceneViewState":{"showFog":true,"showMaterialUpdate":false,"showSkybox":true,"showFlares":true,"showImageEffects":true,"showParticleSystems":true},"in2DMode":false,"pivot":{"x":0.13291241228580476,"y":0.7675800323486328,"z":-0.6176806688308716},"rotation":{"x":-0.07428620755672455,"y":0.9013073444366455,"z":-0.17129293084144593,"w":-0.3908786177635193},"size":10.0,"orthographic":false}