{"cameraMode":{"drawMode":0,"name":"Shaded","section":"Shading Mode"},"sceneLighting":false,"audioPlay":false,"sceneViewState":{"showFog":true,"showMaterialUpdate":false,"showSkybox":false,"showFlares":true,"showImageEffects":true,"showParticleSystems":true},"in2DMode":false,"pivot":{"x":-1.0199203491210938,"y":1.0854809284210206,"z":0.4732751250267029},"rotation":{"x":0.04219029098749161,"y":0.6999769806861877,"z":-0.0409284308552742,"w":0.7118876576423645},"size":2.8578836917877199,"orthographic":false}