{"cameraMode":{"drawMode":0,"name":"Shaded","section":"Shading Mode"},"sceneLighting":false,"audioPlay":false,"sceneViewState":{"showFog":true,"showMaterialUpdate":false,"showSkybox":false,"showFlares":true,"showImageEffects":true,"showParticleSystems":true},"in2DMode":false,"pivot":{"x":-3.468759536743164,"y":0.35780981183052065,"z":54.50904083251953},"rotation":{"x":0.07674767822027207,"y":-0.7608078718185425,"z":0.09228987991809845,"w":0.6379503607749939},"size":9.370198249816895,"orthographic":false}