{"cameraMode":{"drawMode":0,"name":"Shaded","section":"Shading Mode"},"sceneLighting":false,"audioPlay":false,"sceneViewState":{"showFog":true,"showMaterialUpdate":false,"showSkybox":false,"showFlares":true,"showImageEffects":true,"showParticleSystems":true},"in2DMode":false,"pivot":{"x":-3.4592599868774416,"y":-2.282003879547119,"z":56.192996978759769},"rotation":{"x":0.27843615412712099,"y":-0.6572096347808838,"z":0.2869759202003479,"w":0.6390713453292847},"size":9.370199203491211,"orthographic":false}