{"cameraMode":{"drawMode":0,"name":"Shaded","section":"Shading Mode"},"sceneLighting":true,"audioPlay":false,"sceneViewState":{"showFog":true,"showMaterialUpdate":true,"showSkybox":true,"showFlares":true,"showImageEffects":true,"showParticleSystems":true},"in2DMode":false,"pivot":{"x":261.5749816894531,"y":189.63551330566407,"z":-9.053997993469239},"rotation":{"x":-0.09137431532144547,"y":0.004485196899622679,"z":-0.00042696192394942045,"w":-0.9958367943763733},"size":276.25048828125,"orthographic":false}