{"cameraMode":{"drawMode":0,"name":"Shaded","section":"Shading Mode"},"sceneLighting":false,"audioPlay":false,"sceneViewState":{"showFog":true,"showMaterialUpdate":true,"showSkybox":false,"showFlares":true,"showImageEffects":true,"showParticleSystems":true},"in2DMode":false,"pivot":{"x":-3.3743841648101808,"y":-3.4702308177948,"z":34.73204803466797},"rotation":{"x":-0.2278088927268982,"y":0.12866723537445069,"z":-0.030382808297872545,"w":-0.9646939039230347},"size":95.20203399658203,"orthographic":false}