{"cameraMode":{"drawMode":0,"name":"Shaded","section":"Shading Mode"},"sceneLighting":false,"audioPlay":false,"sceneViewState":{"showFog":true,"showMaterialUpdate":true,"showSkybox":false,"showFlares":true,"showImageEffects":true,"showParticleSystems":true},"in2DMode":false,"pivot":{"x":-28.999326705932618,"y":0.24999886751174928,"z":58.0},"rotation":{"x":0.018787730485200883,"y":-0.970695436000824,"z":0.22616761922836305,"w":0.0813249945640564},"size":102.51821899414063,"orthographic":false}