{"cameraMode":{"drawMode":0,"name":"Shaded","section":"Shading Mode"},"sceneLighting":false,"audioPlay":false,"sceneViewState":{"showFog":true,"showMaterialUpdate":true,"showSkybox":false,"showFlares":true,"showImageEffects":true,"showParticleSystems":true},"in2DMode":false,"pivot":{"x":-52.719234466552737,"y":-46.51953125,"z":38.23390579223633},"rotation":{"x":0.2845360040664673,"y":-0.5338272452354431,"z":0.19712215662002564,"w":0.7717213034629822},"size":95.93311309814453,"orthographic":false}