{"cameraMode":{"drawMode":0,"name":"Shaded","section":"Shading Mode"},"sceneLighting":true,"audioPlay":false,"sceneViewState":{"showFog":true,"showMaterialUpdate":true,"showSkybox":true,"showFlares":true,"showImageEffects":true,"showParticleSystems":true},"in2DMode":false,"pivot":{"x":-0.32729199528694155,"y":2.4887802600860597,"z":-1.938517689704895},"rotation":{"x":0.13073934614658357,"y":-0.06342926621437073,"z":0.009045993909239769,"w":0.9895645380020142},"size":2.8578836917877199,"orthographic":false}